Municipality,Year,YieldPortfolio
ALEXANDER,1996,0.3819338493777064
ALEXANDER,1997,0.3593873600022145
ALEXANDER,1998,0.3654265465361497
ALEXANDER,1999,0.41596126783773785
ALEXANDER,2000,0.27947335046134913
ALEXANDER,2001,0.23940814824644152
ALEXANDER,2002,0.3696421329113802
ALEXANDER,2003,0.4172961919040644
ALEXANDER,2004,0.48580393274531497
ALEXANDER,2005,0.20800306964995557
ALEXANDER,2006,0.568022744796779
ALEXANDER,2007,0.2549095253122436
ALEXANDER,2008,0.5506514500290178
ALEXANDER,2009,0.3405416132129504
ALEXANDER,2010,0.3148504048099947
ALEXANDER,2011,0.36475871481614847
ALONSA,1996,0.31335981636720867
ALONSA,1997,0.24487334997080848
ALONSA,1998,0.3028791046818013
ALONSA,1999,0.3648032509479818
ALONSA,2000,0.4775827953249701
ALONSA,2001,0.31300718701689606
ALONSA,2002,0.27964948185742006
ALONSA,2003,0.2895316555859718
ALONSA,2004,0.41798916177329487
ALONSA,2005,0.39111388880435066
ALONSA,2006,0.4043669980148438
ALONSA,2007,0.2902805674146499
ALONSA,2008,0.2911855525633942
ALONSA,2009,0.31052295529008
ALONSA,2010,0.23132872311424715
ALONSA,2011,0.17821549186138058
ARGYLE,1996,0.44365520358481525
ARGYLE,1997,0.37850845718191845
ARGYLE,1998,0.485842541047669
ARGYLE,1999,0.3877567870825671
ARGYLE,2000,0.4582837786127921
ARGYLE,2001,0.43290271297160476
ARGYLE,2002,0.38209402043784446
ARGYLE,2003,0.4456209414820607
ARGYLE,2004,0.5488103685600393
ARGYLE,2005,0.4230883184174833
ARGYLE,2006,0.45763512372560405
ARGYLE,2007,0.4659104913987244
ARGYLE,2008,0.5620447852440622
ARGYLE,2009,0.6427129434404261
ARGYLE,2010,0.6345028865300207
ARGYLE,2011,0.4878688518581166
ARMSTRONG,1996,0.22259473268076393
ARMSTRONG,1997,0.13688892534950942
ARMSTRONG,1999,0.23418585472556583
ARMSTRONG,2000,0.31694770217575047
ARMSTRONG,2001,0.38367184794052434
ARMSTRONG,2002,0.3279545834169855
ARMSTRONG,2003,0.16002562899312475
ARMSTRONG,2004,0.3449578801738613
ARMSTRONG,2005,0.3594980508750988
ARMSTRONG,2006,0.38946593650786154
ARMSTRONG,2007,0.3646633361729165
ARMSTRONG,2008,0.21252199118679566
ARMSTRONG,2009,0.2079258348792119
ARMSTRONG,2010,0.16875964866069612
ARMSTRONG,2011,0.14706783662708123
BIFROST-RIVERTON,1996,0.5150419551758958
BIFROST-RIVERTON,1997,0.42077129941228797
BIFROST-RIVERTON,1998,0.4876372264391338
BIFROST-RIVERTON,1999,0.48647219050469487
BIFROST-RIVERTON,2000,0.4398390984547742
BIFROST-RIVERTON,2001,0.3735258413005765
BIFROST-RIVERTON,2002,0.49708512632182694
BIFROST-RIVERTON,2003,0.47015117143176594
BIFROST-RIVERTON,2004,0.6189536683820724
BIFROST-RIVERTON,2005,0.30094256566210886
BIFROST-RIVERTON,2006,0.5374566314828417
BIFROST-RIVERTON,2007,0.4768342863698816
BIFROST-RIVERTON,2008,0.35610551027982207
BIFROST-RIVERTON,2009,0.24343975821146915
BIFROST-RIVERTON,2010,0.1787757547983023
BIFROST-RIVERTON,2011,0.3622484180057698
BOISSEVAIN-MORTON,1996,0.4763547379271915
BOISSEVAIN-MORTON,1997,0.416173998676284
BOISSEVAIN-MORTON,1998,0.45623764238400183
BOISSEVAIN-MORTON,1999,0.35974456910036584
BOISSEVAIN-MORTON,2000,0.5078430155366853
BOISSEVAIN-MORTON,2001,0.5039922759427319
BOISSEVAIN-MORTON,2002,0.4773076453134273
BOISSEVAIN-MORTON,2003,0.545370137945532
BOISSEVAIN-MORTON,2004,0.5515737221428813
BOISSEVAIN-MORTON,2005,0.4471886766663766
BOISSEVAIN-MORTON,2006,0.5362262479245729
BOISSEVAIN-MORTON,2007,0.520775946718361
BOISSEVAIN-MORTON,2008,0.6498972431587272
BOISSEVAIN-MORTON,2009,0.7712584710579636
BOISSEVAIN-MORTON,2010,0.5494882612942927
BOISSEVAIN-MORTON,2011,0.37393756757504953
BRENDA-WASKADA,1996,0.3473412861294087
BRENDA-WASKADA,1997,0.27474795954957554
BRENDA-WASKADA,1998,0.37183990055618
BRENDA-WASKADA,1999,0.24890213746880058
BRENDA-WASKADA,2000,0.44737878900760986
BRENDA-WASKADA,2001,0.3883932904340267
BRENDA-WASKADA,2002,0.3064800545478976
BRENDA-WASKADA,2003,0.40738278024485697
BRENDA-WASKADA,2004,0.47594378253766667
BRENDA-WASKADA,2005,0.3247021907159231
BRENDA-WASKADA,2006,0.4395842853974082
BRENDA-WASKADA,2007,0.4810849725253937
BRENDA-WASKADA,2008,0.47997116302183956
BRENDA-WASKADA,2009,0.6430204677445875
BRENDA-WASKADA,2010,0.4956425440726585
BRENDA-WASKADA,2011,0.27459946860595164
BROKENHEAD,1996,0.31880992634692507
BROKENHEAD,1997,0.25432649346768693
BROKENHEAD,1998,0.28112176659170607
BROKENHEAD,1999,0.33485842039039143
BROKENHEAD,2000,0.22869169663780367
BROKENHEAD,2001,0.183803990660681
BROKENHEAD,2002,0.4507810718808383
BROKENHEAD,2003,0.5626082979224787
BROKENHEAD,2004,0.49616127909971713
BROKENHEAD,2005,0.23370753949258855
BROKENHEAD,2006,0.6073764296564491
BROKENHEAD,2007,0.4052295567646136
BROKENHEAD,2008,0.5495444744335596
BROKENHEAD,2009,0.4098417828454758
BROKENHEAD,2010,0.30954724747731804
BROKENHEAD,2011,0.434395196494542
CARTIER,1996,0.5478987569556673
CARTIER,1997,0.5411460265352834
CARTIER,1998,0.49370719492820186
CARTIER,1999,0.6802693823029018
CARTIER,2000,0.5173209700082252
CARTIER,2001,0.43164910480433555
CARTIER,2002,0.6047916969384858
CARTIER,2003,0.6942917597160432
CARTIER,2004,0.6540457559080355
CARTIER,2005,0.09473902004263716
CARTIER,2006,0.4845521869334848
CARTIER,2007,0.6363286067925019
CARTIER,2008,0.6907451190462534
CARTIER,2009,0.6842011619207622
CARTIER,2010,0.43412606287452354
CARTIER,2011,0.28630673432394993
CARTWRIGHT-ROBLIN,1996,0.3934367736271638
CARTWRIGHT-ROBLIN,1997,0.35960757338412164
CARTWRIGHT-ROBLIN,1998,0.4468675884505181
CARTWRIGHT-ROBLIN,1999,0.3711421011414725
CARTWRIGHT-ROBLIN,2000,0.49524138095455744
CARTWRIGHT-ROBLIN,2001,0.45876204891674627
CARTWRIGHT-ROBLIN,2002,0.3369063040524919
CARTWRIGHT-ROBLIN,2003,0.5156246926004765
CARTWRIGHT-ROBLIN,2004,0.5465449074403993
CARTWRIGHT-ROBLIN,2005,0.39211842970668553
CARTWRIGHT-ROBLIN,2006,0.5088817563866355
CARTWRIGHT-ROBLIN,2007,0.48090397432168575
CARTWRIGHT-ROBLIN,2008,0.6246749355770823
CARTWRIGHT-ROBLIN,2009,0.6598164979031023
CARTWRIGHT-ROBLIN,2010,0.6167602660452459
CARTWRIGHT-ROBLIN,2011,0.4164180064311158
CLANWILLIAM-ERICKSON,1996,0.1833812247220948
CLANWILLIAM-ERICKSON,1997,0.2180486535253304
CLANWILLIAM-ERICKSON,1998,0.26880404883857023
CLANWILLIAM-ERICKSON,1999,0.19111721326442294
CLANWILLIAM-ERICKSON,2000,0.27044654126262735
CLANWILLIAM-ERICKSON,2001,0.10207572129945908
CLANWILLIAM-ERICKSON,2002,0.2884128177106871
CLANWILLIAM-ERICKSON,2003,0.2939837513998811
CLANWILLIAM-ERICKSON,2004,0.23352651439996303
CLANWILLIAM-ERICKSON,2005,0.200589114425091
CLANWILLIAM-ERICKSON,2006,0.3322064906398842
CLANWILLIAM-ERICKSON,2007,0.32256936338200787
CLANWILLIAM-ERICKSON,2008,0.5212649302773924
CLANWILLIAM-ERICKSON,2009,0.4581277116274319
CLANWILLIAM-ERICKSON,2010,0.40027880679021965
CLANWILLIAM-ERICKSON,2011,0.3195650132095588
COLDWELL,1996,0.43010430824204254
COLDWELL,1997,0.33078588304586015
COLDWELL,1998,0.23453108600527695
COLDWELL,1999,0.3619789572547109
COLDWELL,2000,0.37005412601721566
COLDWELL,2001,0.3516756756472183
COLDWELL,2002,0.17375157382963766
COLDWELL,2003,0.11837695501539551
COLDWELL,2004,0.246573571070255
COLDWELL,2005,0.30714832803220726
COLDWELL,2006,0.24804462759502996
COLDWELL,2007,0.3603593478916539
COLDWELL,2008,0.3920134360148616
COLDWELL,2009,0.3309154840246565
COLDWELL,2010,0.38131152243739064
COLDWELL,2011,0.30997274582364875
CORNWALLIS,1996,0.42513832795556644
CORNWALLIS,1997,0.34637050985519335
CORNWALLIS,1998,0.35944155596687644
CORNWALLIS,1999,0.32769981164308193
CORNWALLIS,2000,0.3980545914415403
CORNWALLIS,2001,0.38376751046857777
CORNWALLIS,2002,0.3467162405509516
CORNWALLIS,2003,0.3258056437833366
CORNWALLIS,2004,0.49228462264637035
CORNWALLIS,2005,0.4111475060921933
CORNWALLIS,2006,0.4259784140517164
CORNWALLIS,2007,0.4049191274774818
CORNWALLIS,2008,0.5479858060125886
CORNWALLIS,2009,0.594657481991812
CORNWALLIS,2010,0.4938585975740921
CORNWALLIS,2011,0.3423133998764826
DAUPHIN,1996,0.47034039135620853
DAUPHIN,1997,0.4428193122375257
DAUPHIN,1998,0.4411959568485422
DAUPHIN,1999,0.5217151275653625
DAUPHIN,2000,0.4526625031574104
DAUPHIN,2001,0.4500621312627817
DAUPHIN,2002,0.43610412974766355
DAUPHIN,2003,0.5156597164526112
DAUPHIN,2004,0.6099847190952452
DAUPHIN,2005,0.45694092286808746
DAUPHIN,2006,0.5198537210825566
DAUPHIN,2007,0.41140941601405256
DAUPHIN,2008,0.6000704508991634
DAUPHIN,2009,0.5730675720095748
DAUPHIN,2010,0.22828920047715137
DAUPHIN,2011,0.3884118792407274
DELORAINE-WINCHESTER,1996,0.4115167213414539
DELORAINE-WINCHESTER,1997,0.2873529228180152
DELORAINE-WINCHESTER,1998,0.43196932409689326
DELORAINE-WINCHESTER,1999,0.33165715246639593
DELORAINE-WINCHESTER,2000,0.47506420205482053
DELORAINE-WINCHESTER,2001,0.4582118455425918
DELORAINE-WINCHESTER,2002,0.3293129207406692
DELORAINE-WINCHESTER,2003,0.4225961914051068
DELORAINE-WINCHESTER,2004,0.5217177391114425
DELORAINE-WINCHESTER,2005,0.3550965568597811
DELORAINE-WINCHESTER,2006,0.4804832272959913
DELORAINE-WINCHESTER,2007,0.4776506309349457
DELORAINE-WINCHESTER,2008,0.5259526218243983
DELORAINE-WINCHESTER,2009,0.6908447494526709
DELORAINE-WINCHESTER,2010,0.4819338348299417
DELORAINE-WINCHESTER,2011,0.2701602398584621
DESALABERRY,1996,0.3577960000191227
DESALABERRY,1997,0.23962336105431867
DESALABERRY,1998,0.3802928012173773
DESALABERRY,1999,0.43012708240423203
DESALABERRY,2000,0.3298552482083652
DESALABERRY,2001,0.16032573394527616
DESALABERRY,2002,0.4952766025798627
DESALABERRY,2003,0.5848228206142677
DESALABERRY,2004,0.4461461928269862
DESALABERRY,2005,0.13021235210486412
DESALABERRY,2006,0.561175567520104
DESALABERRY,2007,0.6132344608702827
DESALABERRY,2008,0.6827837995147754
DESALABERRY,2009,0.5284396300040569
DESALABERRY,2010,0.5572910035817632
DESALABERRY,2011,0.47421839918574726
DUFFERIN,1996,0.47140804998260005
DUFFERIN,1997,0.3838719005469384
DUFFERIN,1998,0.6004023009077907
DUFFERIN,1999,0.5162995060766766
DUFFERIN,2000,0.48987947546987043
DUFFERIN,2001,0.43270190264518327
DUFFERIN,2002,0.5453369789761786
DUFFERIN,2003,0.6923161374712927
DUFFERIN,2004,0.45122807807777165
DUFFERIN,2005,0.24617623979686917
DUFFERIN,2006,0.6478662053462442
DUFFERIN,2007,0.6331627997670384
DUFFERIN,2008,0.7052845020943178
DUFFERIN,2009,0.6294242143620208
DUFFERIN,2010,0.5848022881143514
DUFFERIN,2011,0.4902746190181577
ELLICE-ARCHIE,1996,0.38898976367348037
ELLICE-ARCHIE,1997,0.2503705731490625
ELLICE-ARCHIE,1998,0.35974161033685526
ELLICE-ARCHIE,1999,0.3670280607307569
ELLICE-ARCHIE,2000,0.3984904376744557
ELLICE-ARCHIE,2001,0.3661579562560924
ELLICE-ARCHIE,2002,0.40442061362541964
ELLICE-ARCHIE,2003,0.3644581796150608
ELLICE-ARCHIE,2004,0.38476081087323655
ELLICE-ARCHIE,2005,0.3887125151179331
ELLICE-ARCHIE,2006,0.46788134667154935
ELLICE-ARCHIE,2007,0.41994802907893053
ELLICE-ARCHIE,2008,0.5277219424346107
ELLICE-ARCHIE,2009,0.5263401344620471
ELLICE-ARCHIE,2010,0.47947044073442024
ELLICE-ARCHIE,2011,0.31659258770309207
ELTON,1996,0.4810783801264492
ELTON,1997,0.4086941857851603
ELTON,1998,0.41239775097969555
ELTON,1999,0.2971607824993275
ELTON,2000,0.4909773853163311
ELTON,2001,0.41156305311416597
ELTON,2002,0.5073275132652324
ELTON,2003,0.4852406643475546
ELTON,2004,0.5474436772623604
ELTON,2005,0.4175094108228192
ELTON,2006,0.5824085200615479
ELTON,2007,0.4986641176785135
ELTON,2008,0.6407593950153375
ELTON,2009,0.65029836699362
ELTON,2010,0.6086693037829033
ELTON,2011,0.40920477184827647
EMERSON-FRANKLIN,1996,0.36067751522534686
EMERSON-FRANKLIN,1997,0.22872464661852088
EMERSON-FRANKLIN,1998,0.3949212758400003
EMERSON-FRANKLIN,1999,0.42554358589012364
EMERSON-FRANKLIN,2000,0.5442625151897136
EMERSON-FRANKLIN,2001,0.25784839402182447
EMERSON-FRANKLIN,2002,0.4262019861378355
EMERSON-FRANKLIN,2003,0.5485761810235121
EMERSON-FRANKLIN,2004,0.38875337394783316
EMERSON-FRANKLIN,2005,0.06750578438151403
EMERSON-FRANKLIN,2006,0.5244829039558084
EMERSON-FRANKLIN,2007,0.6039674897112453
EMERSON-FRANKLIN,2008,0.6927913652247618
EMERSON-FRANKLIN,2009,0.48951434565533497
EMERSON-FRANKLIN,2010,0.555244907234264
EMERSON-FRANKLIN,2011,0.48552504638956
ETHELBERT,1996,0.3093026647468809
ETHELBERT,1997,0.21366316278063008
ETHELBERT,1998,0.24251819148052003
ETHELBERT,1999,0.3796706617957866
ETHELBERT,2000,0.36202075702193304
ETHELBERT,2001,0.36316802732433584
ETHELBERT,2002,0.3570591472479598
ETHELBERT,2003,0.39005629274557124
ETHELBERT,2004,0.41787838001359906
ETHELBERT,2005,0.3523570771566176
ETHELBERT,2006,0.4133765931885747
ETHELBERT,2007,0.30054061467716653
ETHELBERT,2008,0.4269294064375435
ETHELBERT,2009,0.3572499585697855
ETHELBERT,2010,0.12756404357112525
ETHELBERT,2011,0.24897589133429135
FISHER,1996,0.40732216051211645
FISHER,1997,0.36003891118914394
FISHER,1998,0.4288218251088906
FISHER,1999,0.37364740492154586
FISHER,2000,0.3582429463980889
FISHER,2001,0.4132937013149434
FISHER,2002,0.46138840348273263
FISHER,2003,0.34728884535679744
FISHER,2004,0.6369508567830039
FISHER,2005,0.37331949831488304
FISHER,2006,0.49775221995728997
FISHER,2007,0.43223364478859194
FISHER,2008,0.28290985536568986
FISHER,2009,0.3463250919925173
FISHER,2010,0.2060219454116194
FISHER,2011,0.29985243955414237
GILBERT PLAINS,1996,0.4676754968063752
GILBERT PLAINS,1997,0.47652592153577283
GILBERT PLAINS,1998,0.37550087322828785
GILBERT PLAINS,1999,0.5327826894386305
GILBERT PLAINS,2000,0.49254641026372037
GILBERT PLAINS,2001,0.4678937670397484
GILBERT PLAINS,2002,0.5082613466136257
GILBERT PLAINS,2003,0.4165864899004479
GILBERT PLAINS,2004,0.6427717564639482
GILBERT PLAINS,2005,0.5536331625890689
GILBERT PLAINS,2006,0.6148446675486969
GILBERT PLAINS,2007,0.3359949423708807
GILBERT PLAINS,2008,0.6729335784625525
GILBERT PLAINS,2009,0.5831545171137097
GILBERT PLAINS,2010,0.3457563370969506
GILBERT PLAINS,2011,0.38446296084166526
GIMLI,1996,0.2687997944102286
GIMLI,1997,0.11923588274069387
GIMLI,1998,0.2984971032960346
GIMLI,1999,0.3880218646401924
GIMLI,2000,0.18679823845824406
GIMLI,2001,0.16414493988358328
GIMLI,2002,0.26143297251015135
GIMLI,2003,0.3836703761621296
GIMLI,2004,0.3761089371266205
GIMLI,2005,0.14383207104059442
GIMLI,2006,0.35002013945582433
GIMLI,2007,0.3287379382072452
GIMLI,2008,0.18019405960893262
GIMLI,2009,0.09130473713861458
GIMLI,2010,0.07426175062580571
GIMLI,2011,0.23562389164298964
GLENBORO-SOUTH CYPRESS,1996,0.4140916874667129
GLENBORO-SOUTH CYPRESS,1997,0.314355511107175
GLENBORO-SOUTH CYPRESS,1998,0.4504376100275004
GLENBORO-SOUTH CYPRESS,1999,0.4109865874971641
GLENBORO-SOUTH CYPRESS,2000,0.4493727014082651
GLENBORO-SOUTH CYPRESS,2001,0.4496208506736259
GLENBORO-SOUTH CYPRESS,2002,0.41105873149791455
GLENBORO-SOUTH CYPRESS,2003,0.3765368534364975
GLENBORO-SOUTH CYPRESS,2004,0.5974599103069881
GLENBORO-SOUTH CYPRESS,2005,0.5109462002749473
GLENBORO-SOUTH CYPRESS,2006,0.4764197098402707
GLENBORO-SOUTH CYPRESS,2007,0.4929303037924101
GLENBORO-SOUTH CYPRESS,2008,0.6357743042234304
GLENBORO-SOUTH CYPRESS,2009,0.7014732348333976
GLENBORO-SOUTH CYPRESS,2010,0.6507715518405579
GLENBORO-SOUTH CYPRESS,2011,0.5783755623022739
GLENELLA-LANSDOWNE,1996,0.44157817896587453
GLENELLA-LANSDOWNE,1997,0.34058952224556216
GLENELLA-LANSDOWNE,1998,0.3901716640610998
GLENELLA-LANSDOWNE,1999,0.3803931997538041
GLENELLA-LANSDOWNE,2000,0.4483682838126396
GLENELLA-LANSDOWNE,2001,0.3558674309564942
GLENELLA-LANSDOWNE,2002,0.4306564534825901
GLENELLA-LANSDOWNE,2003,0.4546816322950584
GLENELLA-LANSDOWNE,2004,0.5299865505805279
GLENELLA-LANSDOWNE,2005,0.3406183135893278
GLENELLA-LANSDOWNE,2006,0.5032264348617833
GLENELLA-LANSDOWNE,2007,0.4230092308981471
GLENELLA-LANSDOWNE,2008,0.45597288371241884
GLENELLA-LANSDOWNE,2009,0.537915836710433
GLENELLA-LANSDOWNE,2010,0.32223942153566487
GLENELLA-LANSDOWNE,2011,0.3269142721963514
GRAHAMDALE,1996,0.28707438845112027
GRAHAMDALE,1997,0.22166929456582593
GRAHAMDALE,1998,0.22835889785245564
GRAHAMDALE,1999,0.3089725676727483
GRAHAMDALE,2000,0.2917322687631914
GRAHAMDALE,2001,0.30618638674215815
GRAHAMDALE,2002,0.28766800130441134
GRAHAMDALE,2003,0.16989652703131652
GRAHAMDALE,2004,0.3700083814499407
GRAHAMDALE,2005,0.3449743132898031
GRAHAMDALE,2006,0.3355077345502796
GRAHAMDALE,2007,0.4089213331671392
GRAHAMDALE,2008,0.27157275959874927
GRAHAMDALE,2009,0.26258673727146603
GRAHAMDALE,2010,0.23992126782632497
GRAHAMDALE,2011,0.2587962395163803
GRANDVIEW,1996,0.45400368358878795
GRANDVIEW,1997,0.48751652116533356
GRANDVIEW,1998,0.28678194483058606
GRANDVIEW,1999,0.4865545512329729
GRANDVIEW,2000,0.4744851718820222
GRANDVIEW,2001,0.5079329100715514
GRANDVIEW,2002,0.531116072742717
GRANDVIEW,2003,0.37146548898292875
GRANDVIEW,2004,0.5990652983357685
GRANDVIEW,2005,0.5730134821989863
GRANDVIEW,2006,0.6307928671943953
GRANDVIEW,2007,0.44122931808249843
GRANDVIEW,2008,0.6877286635969349
GRANDVIEW,2009,0.6162485698607929
GRANDVIEW,2010,0.40215830830624805
GRANDVIEW,2011,0.45811022481719177
GRASSLAND,1996,0.47831749943792823
GRASSLAND,1997,0.3739358425904681
GRASSLAND,1998,0.43294518672440574
GRASSLAND,1999,0.39665642265725354
GRASSLAND,2000,0.5010991336778007
GRASSLAND,2001,0.4699399868995382
GRASSLAND,2002,0.38207591018086523
GRASSLAND,2003,0.3912767114584052
GRASSLAND,2004,0.5438741053487366
GRASSLAND,2005,0.3804815879288319
GRASSLAND,2006,0.49211998141984237
GRASSLAND,2007,0.4708536850445826
GRASSLAND,2008,0.6336527939678069
GRASSLAND,2009,0.7069906551803113
GRASSLAND,2010,0.5744025748823511
GRASSLAND,2011,0.26753674590289267
GREY,1996,0.46787463721757877
GREY,1997,0.43194253680015177
GREY,1998,0.4504133410742078
GREY,1999,0.5221140207906833
GREY,2000,0.47616903567931396
GREY,2001,0.37598872540625833
GREY,2002,0.5744218854773016
GREY,2003,0.6820420839237841
GREY,2004,0.6033470802251967
GREY,2005,0.1405912158911007
GREY,2006,0.5446851515146917
GREY,2007,0.6372547346295674
GREY,2008,0.6727371233883389
GREY,2009,0.6432392495009475
GREY,2010,0.5246301455249283
GREY,2011,0.3479792724888531
HAMIOTA,1996,0.4932791700201065
HAMIOTA,1997,0.3571674658326966
HAMIOTA,1998,0.43106080957902176
HAMIOTA,1999,0.39052480048872895
HAMIOTA,2000,0.4621803578825068
HAMIOTA,2001,0.4487929977715067
HAMIOTA,2002,0.5088237606035818
HAMIOTA,2003,0.4755477794623427
HAMIOTA,2004,0.4530374760140287
HAMIOTA,2005,0.46073389683997223
HAMIOTA,2006,0.5682494762804573
HAMIOTA,2007,0.45693630449018735
HAMIOTA,2008,0.6211185738402867
HAMIOTA,2009,0.7062207126632383
HAMIOTA,2010,0.5490212012213744
HAMIOTA,2011,0.3972843254499512
HANOVER,1996,0.33346216636426096
HANOVER,1997,0.31747376313672726
HANOVER,1998,0.33349247208160354
HANOVER,1999,0.40599570730838325
HANOVER,2000,0.35040241608507006
HANOVER,2001,0.33522163142400985
HANOVER,2002,0.5231148550703826
HANOVER,2003,0.6477271808528554
HANOVER,2004,0.40771489355184437
HANOVER,2005,0.15549069658786877
HANOVER,2006,0.5983810466406475
HANOVER,2007,0.6314625441007373
HANOVER,2008,0.7333718471943893
HANOVER,2009,0.43603629262435906
HANOVER,2010,0.4290175534961632
HANOVER,2011,0.46226642506650106
HARRISON PARK,1996,0.4067438620546651
HARRISON PARK,1997,0.3320000213568033
HARRISON PARK,1998,0.3750915662129276
HARRISON PARK,1999,0.31242305056954606
HARRISON PARK,2000,0.3761316612681269
HARRISON PARK,2001,0.45117708071952967
HARRISON PARK,2002,0.4521388227782378
HARRISON PARK,2003,0.45547498225693256
HARRISON PARK,2004,0.38950140233839115
HARRISON PARK,2005,0.40479491866579465
HARRISON PARK,2006,0.48131749849573763
HARRISON PARK,2007,0.3767935191288925
HARRISON PARK,2008,0.5286928180373939
HARRISON PARK,2009,0.5008455035244769
HARRISON PARK,2010,0.4277586137481344
HARRISON PARK,2011,0.39916856931271016
HEADINGLEY,1996,0.3931582771139352
HEADINGLEY,1997,0.43085703690412125
HEADINGLEY,1998,0.3297545008388499
HEADINGLEY,1999,0.6044084060857018
HEADINGLEY,2000,0.2532273094745081
HEADINGLEY,2001,0.12074556608302575
HEADINGLEY,2002,0.5161468878475894
HEADINGLEY,2003,0.6604707827647323
HEADINGLEY,2004,0.6196216432682109
HEADINGLEY,2005,0.02803836696793641
HEADINGLEY,2006,0.3901016787447696
HEADINGLEY,2007,0.5277975081789228
HEADINGLEY,2008,0.5005422992116371
HEADINGLEY,2009,0.43588650424813935
HEADINGLEY,2010,0.3036002602260339
HEADINGLEY,2011,0.3773806083324888
HILLSBURG-ROBLIN-SHELL RIVER,1996,0.4831972434145272
HILLSBURG-ROBLIN-SHELL RIVER,1997,0.450153924320365
HILLSBURG-ROBLIN-SHELL RIVER,1998,0.4733766303050326
HILLSBURG-ROBLIN-SHELL RIVER,1999,0.5794763174463652
HILLSBURG-ROBLIN-SHELL RIVER,2000,0.5391518814594439
HILLSBURG-ROBLIN-SHELL RIVER,2001,0.5066357774932204
HILLSBURG-ROBLIN-SHELL RIVER,2002,0.43546700635453506
HILLSBURG-ROBLIN-SHELL RIVER,2003,0.46105795126010396
HILLSBURG-ROBLIN-SHELL RIVER,2004,0.3869475711319853
HILLSBURG-ROBLIN-SHELL RIVER,2005,0.6902794423173226
HILLSBURG-ROBLIN-SHELL RIVER,2006,0.6283394737124128
HILLSBURG-ROBLIN-SHELL RIVER,2007,0.4001651135664539
HILLSBURG-ROBLIN-SHELL RIVER,2008,0.6980707020414422
HILLSBURG-ROBLIN-SHELL RIVER,2009,0.6332505210907166
HILLSBURG-ROBLIN-SHELL RIVER,2010,0.6616628844103055
HILLSBURG-ROBLIN-SHELL RIVER,2011,0.6695985498606942
KELSEY,1996,0.18287717338920012
KELSEY,1997,0.4369245629512963
KELSEY,1998,0.45386634334056464
KELSEY,1999,0.458753403809642
KELSEY,2000,0.4562407628964841
KELSEY,2001,0.5112500652204942
KELSEY,2002,0.4571107118092975
KELSEY,2003,0.5840936101831
KELSEY,2004,0.4347258742129082
KELSEY,2005,0.41582005013978246
KELSEY,2006,0.49415473596797405
KELSEY,2007,0.2625158859771164
KELSEY,2008,0.6272063201644233
KELSEY,2009,0.6292614429979777
KELSEY,2010,0.4879559020776232
KELSEY,2011,0.3731923221778892
KILLARNEY-TURTLE MTN,1996,0.4008674449695744
KILLARNEY-TURTLE MTN,1997,0.4058455044180671
KILLARNEY-TURTLE MTN,1998,0.4569869850462852
KILLARNEY-TURTLE MTN,1999,0.39464103543394535
KILLARNEY-TURTLE MTN,2000,0.5076143929314085
KILLARNEY-TURTLE MTN,2001,0.5045775183827844
KILLARNEY-TURTLE MTN,2002,0.4156007534175942
KILLARNEY-TURTLE MTN,2003,0.5680099329729309
KILLARNEY-TURTLE MTN,2004,0.5188401285808405
KILLARNEY-TURTLE MTN,2005,0.43514924306165814
KILLARNEY-TURTLE MTN,2006,0.509186559057031
KILLARNEY-TURTLE MTN,2007,0.5043566015817817
KILLARNEY-TURTLE MTN,2008,0.6597636076843701
KILLARNEY-TURTLE MTN,2009,0.750547418899662
KILLARNEY-TURTLE MTN,2010,0.6027349915867295
KILLARNEY-TURTLE MTN,2011,0.39254629396911167
LA BROQUERIE,1996,0.0769514242085252
LA BROQUERIE,1998,0.13857155915502745
LA BROQUERIE,1999,0.021852104901225793
LA BROQUERIE,2000,0.06142131005488141
LA BROQUERIE,2002,0.3108932502311578
LA BROQUERIE,2003,0.33022951268071954
LA BROQUERIE,2004,0.142547787538242
LA BROQUERIE,2005,0.20290420762820288
LA BROQUERIE,2006,0.2413977735773662
LA BROQUERIE,2007,0.4211771323114117
LA BROQUERIE,2008,0.35311251222923457
LA BROQUERIE,2009,0.234823468353183
LA BROQUERIE,2010,0.24134236890069447
LA BROQUERIE,2011,0.4330991228376997
LAC DU BONNET,1996,0.3022996695496285
LAC DU BONNET,1997,0.26486234810700354
LAC DU BONNET,1998,0.2898476123830908
LAC DU BONNET,1999,0.33594056851287124
LAC DU BONNET,2000,0.19322347173970697
LAC DU BONNET,2001,0.2190480569508064
LAC DU BONNET,2002,0.4289940701628368
LAC DU BONNET,2003,0.5685759621012731
LAC DU BONNET,2004,0.4351089631743414
LAC DU BONNET,2005,0.21679857421207252
LAC DU BONNET,2006,0.6604642575474052
LAC DU BONNET,2007,0.30168231872239953
LAC DU BONNET,2008,0.5451598610117566
LAC DU BONNET,2009,0.3188465047335755
LAC DU BONNET,2010,0.18924466182933594
LAC DU BONNET,2011,0.44725586700454084
LAKESHORE,1996,0.48270562010972423
LAKESHORE,1997,0.41767474887244616
LAKESHORE,1998,0.43375214670403306
LAKESHORE,1999,0.476471319152619
LAKESHORE,2000,0.5092626442006567
LAKESHORE,2001,0.41069712252483037
LAKESHORE,2002,0.3790903489122165
LAKESHORE,2003,0.5224650833134292
LAKESHORE,2004,0.6093920453467216
LAKESHORE,2005,0.5394959566916533
LAKESHORE,2006,0.45415057262910774
LAKESHORE,2007,0.3875171820026908
LAKESHORE,2008,0.5209191359873845
LAKESHORE,2009,0.5577504363211278
LAKESHORE,2010,0.38426391845087743
LAKESHORE,2011,0.3828720319522684
LORNE,1996,0.5339465670660805
LORNE,1997,0.4956134396277659
LORNE,1998,0.6056609466448718
LORNE,1999,0.5932913074208384
LORNE,2000,0.5664820691634258
LORNE,2001,0.539755272818931
LORNE,2002,0.5769473024476113
LORNE,2003,0.647057442292728
LORNE,2004,0.6076507339171472
LORNE,2005,0.48493197206298266
LORNE,2006,0.6081385406191628
LORNE,2007,0.5553341740630732
LORNE,2008,0.7363217377858465
LORNE,2009,0.7679508505039285
LORNE,2010,0.7177451838218962
LORNE,2011,0.560144828880795
LOUISE,1996,0.47932026240339576
LOUISE,1997,0.49098089116416466
LOUISE,1998,0.5600817144804396
LOUISE,1999,0.5771009622859754
LOUISE,2000,0.5924861752974826
LOUISE,2001,0.5571377923104022
LOUISE,2002,0.5402032484365422
LOUISE,2003,0.5727340444948913
LOUISE,2004,0.5706485674499723
LOUISE,2005,0.45725726163514985
LOUISE,2006,0.624431149473244
LOUISE,2007,0.5210223904892359
LOUISE,2008,0.7691484266002939
LOUISE,2009,0.8280988600465027
LOUISE,2010,0.7874329199376174
LOUISE,2011,0.6036784233109281
MACDONALD,1996,0.48216454969088207
MACDONALD,1997,0.41054660740767984
MACDONALD,1998,0.4846622830563633
MACDONALD,1999,0.5647452913539817
MACDONALD,2000,0.39740165082558454
MACDONALD,2001,0.2970210838211686
MACDONALD,2002,0.5518738041173213
MACDONALD,2003,0.7202037313783933
MACDONALD,2004,0.5465247423924007
MACDONALD,2005,0.09406430172114598
MACDONALD,2006,0.44566838224309
MACDONALD,2007,0.5158723970309717
MACDONALD,2008,0.6911316948677816
MACDONALD,2009,0.5826082793788172
MACDONALD,2010,0.422426176813634
MACDONALD,2011,0.32401989216412885
MCCREARY,1996,0.46222929767222765
MCCREARY,1997,0.38781858749910025
MCCREARY,1998,0.3888085367107633
MCCREARY,1999,0.42004229693253464
MCCREARY,2000,0.4600262802225525
MCCREARY,2001,0.39658434488619065
MCCREARY,2002,0.38062878798789324
MCCREARY,2003,0.44776318620314176
MCCREARY,2004,0.5090919134303064
MCCREARY,2005,0.38640393219012337
MCCREARY,2006,0.468302950356718
MCCREARY,2007,0.37136575959934304
MCCREARY,2008,0.44410886450754694
MCCREARY,2009,0.4455836138158997
MCCREARY,2010,0.19132228368518614
MCCREARY,2011,0.1446202717996928
MINITONAS-BOWSMAN,1996,0.4669429921928735
MINITONAS-BOWSMAN,1997,0.3974387081852814
MINITONAS-BOWSMAN,1998,0.37879192254117167
MINITONAS-BOWSMAN,1999,0.5435928355268249
MINITONAS-BOWSMAN,2000,0.5665516039779384
MINITONAS-BOWSMAN,2001,0.5217371775933464
MINITONAS-BOWSMAN,2002,0.4798003381564605
MINITONAS-BOWSMAN,2003,0.6035680008069179
MINITONAS-BOWSMAN,2004,0.5714136701638246
MINITONAS-BOWSMAN,2005,0.6766253738455181
MINITONAS-BOWSMAN,2006,0.6463906962333973
MINITONAS-BOWSMAN,2007,0.49195968370975934
MINITONAS-BOWSMAN,2008,0.6810228095570146
MINITONAS-BOWSMAN,2009,0.6860536070190196
MINITONAS-BOWSMAN,2010,0.48826878318662825
MINITONAS-BOWSMAN,2011,0.5856096409255429
MINTO-ODANAH,1996,0.4612237681544658
MINTO-ODANAH,1997,0.4046517779380493
MINTO-ODANAH,1998,0.4123265964620344
MINTO-ODANAH,1999,0.298672663415572
MINTO-ODANAH,2000,0.4442104548679821
MINTO-ODANAH,2001,0.37823942459499704
MINTO-ODANAH,2002,0.47491964696120054
MINTO-ODANAH,2003,0.5228404789425336
MINTO-ODANAH,2004,0.5087777774045573
MINTO-ODANAH,2005,0.40826013141423584
MINTO-ODANAH,2006,0.5921065244070405
MINTO-ODANAH,2007,0.48955271915602455
MINTO-ODANAH,2008,0.6381194577513688
MINTO-ODANAH,2009,0.7154170875537813
MINTO-ODANAH,2010,0.4688532815641043
MINTO-ODANAH,2011,0.4124574866026894
MONTCALM,1996,0.4267787123551921
MONTCALM,1997,0.302433510016334
MONTCALM,1998,0.5298947262342873
MONTCALM,1999,0.6192970206195357
MONTCALM,2000,0.6234362509460398
MONTCALM,2001,0.4373482597899925
MONTCALM,2002,0.5575095429283734
MONTCALM,2003,0.6508366199160754
MONTCALM,2004,0.48717073877843514
MONTCALM,2005,0.17212168896730842
MONTCALM,2006,0.6701752347017046
MONTCALM,2007,0.6963490465063739
MONTCALM,2008,0.7580447902466382
MONTCALM,2009,0.6162481519411621
MONTCALM,2010,0.6623466553055897
MONTCALM,2011,0.5478406063467884
MORRIS,1996,0.42688233635737705
MORRIS,1997,0.25118542147378115
MORRIS,1998,0.4334982959154615
MORRIS,1999,0.49735496316780897
MORRIS,2000,0.4360509362865923
MORRIS,2001,0.3454842936382881
MORRIS,2002,0.5275630235409421
MORRIS,2003,0.5900848540218175
MORRIS,2004,0.46337980818770835
MORRIS,2005,0.1242438339129146
MORRIS,2006,0.5468925083303385
MORRIS,2007,0.5538497546317139
MORRIS,2008,0.6776554516819704
MORRIS,2009,0.5993519099509648
MORRIS,2010,0.5918411743204177
MORRIS,2011,0.43456147650022153
MOSSEY RIVER,1996,0.35312605494939775
MOSSEY RIVER,1997,0.33319455204646786
MOSSEY RIVER,1998,0.3885926264920978
MOSSEY RIVER,1999,0.5110354956881054
MOSSEY RIVER,2000,0.45684628032400587
MOSSEY RIVER,2001,0.42157225208219495
MOSSEY RIVER,2002,0.4455270376828464
MOSSEY RIVER,2003,0.5514541061255201
MOSSEY RIVER,2004,0.4747287059525093
MOSSEY RIVER,2005,0.43828948652424793
MOSSEY RIVER,2006,0.5138020254512592
MOSSEY RIVER,2007,0.4089186467152862
MOSSEY RIVER,2008,0.5012672149552428
MOSSEY RIVER,2009,0.48166182094556836
MOSSEY RIVER,2010,0.1267673231830524
MOSSEY RIVER,2011,0.38037074075391764
MOUNTAIN,1996,0.3942105292480891
MOUNTAIN,1997,0.39536412117333986
MOUNTAIN,1998,0.32882506897250857
MOUNTAIN,1999,0.43130470863627635
MOUNTAIN,2000,0.4572856332543217
MOUNTAIN,2001,0.4356661194565685
MOUNTAIN,2002,0.3814192803119618
MOUNTAIN,2003,0.4771556130724554
MOUNTAIN,2004,0.4308952489789988
MOUNTAIN,2005,0.4836556395439645
MOUNTAIN,2006,0.49321571828048577
MOUNTAIN,2007,0.2967892347876436
MOUNTAIN,2008,0.4798327391292637
MOUNTAIN,2009,0.5359506379778063
MOUNTAIN,2010,0.2968191543161708
MOUNTAIN,2011,0.4382330501556305
NORFOLK-TREHERNE,1996,0.4804233037129001
NORFOLK-TREHERNE,1997,0.4678444318366258
NORFOLK-TREHERNE,1998,0.49299482497450625
NORFOLK-TREHERNE,1999,0.5772702627580533
NORFOLK-TREHERNE,2000,0.5413010775982126
NORFOLK-TREHERNE,2001,0.4573806277729428
NORFOLK-TREHERNE,2002,0.5503031527941039
NORFOLK-TREHERNE,2003,0.6218767317692626
NORFOLK-TREHERNE,2004,0.6337521544023056
NORFOLK-TREHERNE,2005,0.4129287401354024
NORFOLK-TREHERNE,2006,0.5830373764201027
NORFOLK-TREHERNE,2007,0.5560669451065655
NORFOLK-TREHERNE,2008,0.6905070056729783
NORFOLK-TREHERNE,2009,0.7352190747439799
NORFOLK-TREHERNE,2010,0.661933604978301
NORFOLK-TREHERNE,2011,0.5173468073369957
NORTH CYPRESS-LANGFORD,1996,0.49470613896053944
NORTH CYPRESS-LANGFORD,1997,0.41210396817909917
NORTH CYPRESS-LANGFORD,1998,0.4865363247707354
NORTH CYPRESS-LANGFORD,1999,0.4494342179608372
NORTH CYPRESS-LANGFORD,2000,0.5040392965971868
NORTH CYPRESS-LANGFORD,2001,0.4552465605799974
NORTH CYPRESS-LANGFORD,2002,0.48817906442502135
NORTH CYPRESS-LANGFORD,2003,0.5074010835833705
NORTH CYPRESS-LANGFORD,2004,0.6124287938272963
NORTH CYPRESS-LANGFORD,2005,0.5444097823981627
NORTH CYPRESS-LANGFORD,2006,0.5986038531091727
NORTH CYPRESS-LANGFORD,2007,0.5287280818349498
NORTH CYPRESS-LANGFORD,2008,0.6686248917704408
NORTH CYPRESS-LANGFORD,2009,0.6964624757656942
NORTH CYPRESS-LANGFORD,2010,0.6467824895056915
NORTH CYPRESS-LANGFORD,2011,0.5402991889933765
NORTH NORFOLK,1996,0.39702454261968617
NORTH NORFOLK,1997,0.396008577603165
NORTH NORFOLK,1998,0.4300963883191778
NORTH NORFOLK,1999,0.4601661761374072
NORTH NORFOLK,2000,0.47160844283051445
NORTH NORFOLK,2001,0.43798109251923856
NORTH NORFOLK,2002,0.5313014841062211
NORTH NORFOLK,2003,0.6007531479918626
NORTH NORFOLK,2004,0.5608173446255375
NORTH NORFOLK,2005,0.2974646935486011
NORTH NORFOLK,2006,0.6362051984549075
NORTH NORFOLK,2007,0.5620167275512926
NORTH NORFOLK,2008,0.6400249691991176
NORTH NORFOLK,2009,0.719538565090791
NORTH NORFOLK,2010,0.5892335274236669
NORTH NORFOLK,2011,0.47595858593271356
OAKLAND-WAWANESA,1996,0.4380771996212859
OAKLAND-WAWANESA,1997,0.39554720885043737
OAKLAND-WAWANESA,1998,0.3482449923093031
OAKLAND-WAWANESA,1999,0.29869552018853873
OAKLAND-WAWANESA,2000,0.46669716199151545
OAKLAND-WAWANESA,2001,0.4167451776564088
OAKLAND-WAWANESA,2002,0.4384588893086007
OAKLAND-WAWANESA,2003,0.3919167380270743
OAKLAND-WAWANESA,2004,0.5693286880599487
OAKLAND-WAWANESA,2005,0.4379673549452859
OAKLAND-WAWANESA,2006,0.47869001930975164
OAKLAND-WAWANESA,2007,0.4682078984704457
OAKLAND-WAWANESA,2008,0.6070429345769542
OAKLAND-WAWANESA,2009,0.6966392423588378
OAKLAND-WAWANESA,2010,0.5761860619370929
OAKLAND-WAWANESA,2011,0.3179830838730656
OAKVIEW,1996,0.4629460381944581
OAKVIEW,1997,0.3967613924725565
OAKVIEW,1998,0.4313337143929007
OAKVIEW,1999,0.31797109037087135
OAKVIEW,2000,0.4799176460418388
OAKVIEW,2001,0.42301877499105683
OAKVIEW,2002,0.4917905649070021
OAKVIEW,2003,0.49839658511616225
OAKVIEW,2004,0.408456879083144
OAKVIEW,2005,0.39788629740510195
OAKVIEW,2006,0.56388601962677
OAKVIEW,2007,0.45902645675351805
OAKVIEW,2008,0.6052847259455545
OAKVIEW,2009,0.6694240115938478
OAKVIEW,2010,0.4893357465242964
OAKVIEW,2011,0.40516680792742116
PEMBINA,1996,0.4903161675824561
PEMBINA,1997,0.4717241263956728
PEMBINA,1998,0.5365848216831347
PEMBINA,1999,0.6033521678031692
PEMBINA,2000,0.5788712949922308
PEMBINA,2001,0.5471237808064091
PEMBINA,2002,0.5471680992441057
PEMBINA,2003,0.63167797701786
PEMBINA,2004,0.5277271570379507
PEMBINA,2005,0.3826700070944797
PEMBINA,2006,0.6274021660273185
PEMBINA,2007,0.506540985029841
PEMBINA,2008,0.7416225868932979
PEMBINA,2009,0.7111975109031636
PEMBINA,2010,0.6357406848340798
PEMBINA,2011,0.4487278834045558
PINEY,1996,0.4173976923341368
PINEY,1997,0.3526412660466891
PINEY,2000,0.04334593478358561
PINEY,2001,0.1835323831604962
PINEY,2002,0.1274940633283252
PINEY,2003,0.14619021304959207
PINEY,2004,0.2636664382194639
PINEY,2005,0.2696229001648967
PINEY,2006,0.11583758538918998
PINEY,2007,0.2843705617423527
PINEY,2008,0.25905499389858094
PINEY,2009,0.19622887410958095
PINEY,2010,0.22447926309111713
PINEY,2011,0.35474831565455156
PIPESTONE,1996,0.3467031058889629
PIPESTONE,1997,0.2867860223996782
PIPESTONE,1998,0.2767344324087043
PIPESTONE,1999,0.2635052427066225
PIPESTONE,2000,0.43904436711043787
PIPESTONE,2001,0.355359671341695
PIPESTONE,2002,0.35653002109599813
PIPESTONE,2003,0.37550647867614123
PIPESTONE,2004,0.4583101603961106
PIPESTONE,2005,0.28482315315162027
PIPESTONE,2006,0.3932471931179315
PIPESTONE,2007,0.3915006793811402
PIPESTONE,2008,0.5125463918384076
PIPESTONE,2009,0.5502314457127597
PIPESTONE,2010,0.415107546076547
PIPESTONE,2011,0.18768732865165097
PORTAGE LA PRAIRIE,1996,0.5143287923697069
PORTAGE LA PRAIRIE,1997,0.476994350472147
PORTAGE LA PRAIRIE,1998,0.48716875375138224
PORTAGE LA PRAIRIE,1999,0.553316033920247
PORTAGE LA PRAIRIE,2000,0.5370813711900667
PORTAGE LA PRAIRIE,2001,0.4675003808241566
PORTAGE LA PRAIRIE,2002,0.6038077232831035
PORTAGE LA PRAIRIE,2003,0.7065313736592846
PORTAGE LA PRAIRIE,2004,0.5651534451874152
PORTAGE LA PRAIRIE,2005,0.22825966445061366
PORTAGE LA PRAIRIE,2006,0.6383158477936148
PORTAGE LA PRAIRIE,2007,0.6109838745342716
PORTAGE LA PRAIRIE,2008,0.6769932639216607
PORTAGE LA PRAIRIE,2009,0.7321358878367858
PORTAGE LA PRAIRIE,2010,0.6517047684291096
PORTAGE LA PRAIRIE,2011,0.5460001953525833
PRAIRIE LAKES,1996,0.3743371116567509
PRAIRIE LAKES,1997,0.33519865643826324
PRAIRIE LAKES,1998,0.3955706051164416
PRAIRIE LAKES,1999,0.367676623034551
PRAIRIE LAKES,2000,0.4698903035957905
PRAIRIE LAKES,2001,0.44069146671904413
PRAIRIE LAKES,2002,0.42028394312310546
PRAIRIE LAKES,2003,0.4397652447970512
PRAIRIE LAKES,2004,0.5537322616835175
PRAIRIE LAKES,2005,0.41729589823317687
PRAIRIE LAKES,2006,0.477423622949577
PRAIRIE LAKES,2007,0.46823700135633567
PRAIRIE LAKES,2008,0.6210557195511417
PRAIRIE LAKES,2009,0.6982791443824217
PRAIRIE LAKES,2010,0.5820589161903474
PRAIRIE LAKES,2011,0.3708810110092728
PRAIRIE VIEW,1996,0.4912233441515799
PRAIRIE VIEW,1997,0.35636179457484224
PRAIRIE VIEW,1998,0.4360670524639201
PRAIRIE VIEW,1999,0.44046540584016425
PRAIRIE VIEW,2000,0.48051273710329473
PRAIRIE VIEW,2001,0.4176032485283325
PRAIRIE VIEW,2002,0.48290780859146387
PRAIRIE VIEW,2003,0.4751980431726584
PRAIRIE VIEW,2004,0.34453167174958094
PRAIRIE VIEW,2005,0.42322667110017914
PRAIRIE VIEW,2006,0.5586873436548913
PRAIRIE VIEW,2007,0.45521225445457714
PRAIRIE VIEW,2008,0.6075374301358865
PRAIRIE VIEW,2009,0.6109436904406822
PRAIRIE VIEW,2010,0.5117198285940705
PRAIRIE VIEW,2011,0.3763848635926952
REYNOLDS,1996,0.07358767854419629
REYNOLDS,1997,0.06445908044630864
REYNOLDS,1998,0.03939988875231861
REYNOLDS,1999,0.064521179753097
REYNOLDS,2000,0.04955524681710434
REYNOLDS,2001,0.03668240209789048
REYNOLDS,2002,0.024529226181398765
REYNOLDS,2006,0.39808127337333377
REYNOLDS,2007,0.2808423974742283
REYNOLDS,2008,0.5031780135170989
REYNOLDS,2009,0.23817461012437124
REYNOLDS,2010,0.38173926194415025
REYNOLDS,2011,0.39854850458328983
RHINELAND,1996,0.46455114488500204
RHINELAND,1997,0.37736597938008326
RHINELAND,1998,0.5625301723199972
RHINELAND,1999,0.5711922774789919
RHINELAND,2000,0.6326331694333056
RHINELAND,2001,0.4815286368035575
RHINELAND,2002,0.4636753653486073
RHINELAND,2003,0.6149669140258476
RHINELAND,2004,0.3868854292536774
RHINELAND,2005,0.28041775380933126
RHINELAND,2006,0.6892096847071436
RHINELAND,2007,0.6914795855488728
RHINELAND,2008,0.7433341584777542
RHINELAND,2009,0.5708131671967183
RHINELAND,2010,0.6395123163137045
RHINELAND,2011,0.5930567263877383
RIDING MOUNTAIN WEST,1996,0.4665097097105396
RIDING MOUNTAIN WEST,1997,0.4107013866699393
RIDING MOUNTAIN WEST,1998,0.3911822262465925
RIDING MOUNTAIN WEST,1999,0.4762195731197518
RIDING MOUNTAIN WEST,2000,0.46546836217085324
RIDING MOUNTAIN WEST,2001,0.45705295479050373
RIDING MOUNTAIN WEST,2002,0.5038167109775643
RIDING MOUNTAIN WEST,2003,0.4765045204448409
RIDING MOUNTAIN WEST,2004,0.3389503604549607
RIDING MOUNTAIN WEST,2005,0.5212391744909382
RIDING MOUNTAIN WEST,2006,0.5665372318851811
RIDING MOUNTAIN WEST,2007,0.46652514193220146
RIDING MOUNTAIN WEST,2008,0.5910877183347019
RIDING MOUNTAIN WEST,2009,0.6054413756521251
RIDING MOUNTAIN WEST,2010,0.5519026101634007
RIDING MOUNTAIN WEST,2011,0.4601832970833477
RITCHOT,1996,0.35381091835614586
RITCHOT,1997,0.296327277037494
RITCHOT,1998,0.30920560194885766
RITCHOT,1999,0.39977139628376235
RITCHOT,2000,0.1995163851150049
RITCHOT,2001,0.36473015019689015
RITCHOT,2002,0.600676992012529
RITCHOT,2003,0.664229168363341
RITCHOT,2004,0.4622073117660838
RITCHOT,2005,0.14465444453489795
RITCHOT,2006,0.4931614492192884
RITCHOT,2007,0.5684302410394066
RITCHOT,2008,0.6906319717199981
RITCHOT,2009,0.534974887311327
RITCHOT,2010,0.45477632814900315
RITCHOT,2011,0.36902010876775143
RIVERDALE,1996,0.370298332806204
RIVERDALE,1997,0.28739487308014894
RIVERDALE,1998,0.40604425450078374
RIVERDALE,1999,0.3335994641011204
RIVERDALE,2000,0.46190386837367214
RIVERDALE,2001,0.39717717619309134
RIVERDALE,2002,0.4030970479925837
RIVERDALE,2003,0.37208131907583863
RIVERDALE,2004,0.49078312223050635
RIVERDALE,2005,0.4118598560689866
RIVERDALE,2006,0.48922548741274635
RIVERDALE,2007,0.44318368605567415
RIVERDALE,2008,0.5333656987805179
RIVERDALE,2009,0.5583060208371999
RIVERDALE,2010,0.5025435955587202
RIVERDALE,2011,0.40202907658367015
ROCKWOOD,1996,0.43109330171266436
ROCKWOOD,1997,0.39897846037310397
ROCKWOOD,1998,0.44688720083096806
ROCKWOOD,1999,0.5150542915761266
ROCKWOOD,2000,0.41613218016582443
ROCKWOOD,2001,0.3224854824085742
ROCKWOOD,2002,0.47692150486376383
ROCKWOOD,2003,0.5744989196638137
ROCKWOOD,2004,0.5997043024570339
ROCKWOOD,2005,0.26495766991882747
ROCKWOOD,2006,0.5213524847255
ROCKWOOD,2007,0.558687599841837
ROCKWOOD,2008,0.5645890291029894
ROCKWOOD,2009,0.5684632534361918
ROCKWOOD,2010,0.34999806483440965
ROCKWOOD,2011,0.36769767597493114
ROLAND,1996,0.44059069730759076
ROLAND,1997,0.3745940547851515
ROLAND,1998,0.554746662961013
ROLAND,1999,0.4545671141176722
ROLAND,2000,0.5758797281637128
ROLAND,2001,0.5082913752195618
ROLAND,2002,0.5628180116016077
ROLAND,2003,0.6816604601791297
ROLAND,2004,0.5089130566551885
ROLAND,2005,0.3271764454956203
ROLAND,2006,0.6487236659339533
ROLAND,2007,0.6101802645695991
ROLAND,2008,0.7603016818684364
ROLAND,2009,0.6810204655706106
ROLAND,2010,0.6966690021849671
ROLAND,2011,0.5368434065875197
ROSEDALE,1996,0.4729579276383985
ROSEDALE,1997,0.36540281799339164
ROSEDALE,1998,0.42091573713442026
ROSEDALE,1999,0.3927095659443561
ROSEDALE,2000,0.5272683325919238
ROSEDALE,2001,0.3850317604491947
ROSEDALE,2002,0.41532329127488044
ROSEDALE,2003,0.44122166989970835
ROSEDALE,2004,0.5587311697451641
ROSEDALE,2005,0.453866438430221
ROSEDALE,2006,0.5896339558154943
ROSEDALE,2007,0.4810389728879082
ROSEDALE,2008,0.5903260084990768
ROSEDALE,2009,0.6736927669058793
ROSEDALE,2010,0.4444084380981929
ROSEDALE,2011,0.3882441855045052
ROSSBURN,1996,0.42439231290781687
ROSSBURN,1997,0.39861585977654507
ROSSBURN,1998,0.3460226478028215
ROSSBURN,1999,0.3941249984820065
ROSSBURN,2000,0.43435987356694833
ROSSBURN,2001,0.39805661338000753
ROSSBURN,2002,0.45794245868522787
ROSSBURN,2003,0.46512076575144956
ROSSBURN,2004,0.29680516069427726
ROSSBURN,2005,0.4501362307099749
ROSSBURN,2006,0.489336695367513
ROSSBURN,2007,0.38970055275346394
ROSSBURN,2008,0.5475003189347687
ROSSBURN,2009,0.5240903226156177
ROSSBURN,2010,0.5300595287276668
ROSSBURN,2011,0.4238948900455969
ROSSER,1996,0.4306094330776553
ROSSER,1997,0.39707026308695453
ROSSER,1998,0.3769570233918768
ROSSER,1999,0.5775699400554949
ROSSER,2000,0.48543137078871246
ROSSER,2001,0.3807311611549684
ROSSER,2002,0.5313283693433632
ROSSER,2003,0.5967671189921951
ROSSER,2004,0.5658125888178723
ROSSER,2005,0.1382565148040456
ROSSER,2006,0.4398709988375252
ROSSER,2007,0.5708797817452184
ROSSER,2008,0.6211748369614121
ROSSER,2009,0.5596207172673882
ROSSER,2010,0.3524237354943447
ROSSER,2011,0.31257662323572677
RUSSELL-BINSCARTH,1996,0.42352360633939556
RUSSELL-BINSCARTH,1997,0.4044199069206159
RUSSELL-BINSCARTH,1998,0.4141632331004088
RUSSELL-BINSCARTH,1999,0.5218725113319492
RUSSELL-BINSCARTH,2000,0.5140721676411631
RUSSELL-BINSCARTH,2001,0.46600706089426647
RUSSELL-BINSCARTH,2002,0.4940811553611833
RUSSELL-BINSCARTH,2003,0.44416139764176754
RUSSELL-BINSCARTH,2004,0.3693096925367304
RUSSELL-BINSCARTH,2005,0.5490659731613438
RUSSELL-BINSCARTH,2006,0.5544435860073489
RUSSELL-BINSCARTH,2007,0.4704830625824154
RUSSELL-BINSCARTH,2008,0.5993755054127916
RUSSELL-BINSCARTH,2009,0.5925247446018577
RUSSELL-BINSCARTH,2010,0.5445314684305911
RUSSELL-BINSCARTH,2011,0.4472560779596375
SIFTON,1996,0.33237262040257404
SIFTON,1997,0.264400890703808
SIFTON,1998,0.30854671977863607
SIFTON,1999,0.2451040674540227
SIFTON,2000,0.31574588029998485
SIFTON,2001,0.2892917602545893
SIFTON,2002,0.20640851211067004
SIFTON,2003,0.23808137522389186
SIFTON,2004,0.33961728901123306
SIFTON,2005,0.24463995908283998
SIFTON,2006,0.1501340226537745
SIFTON,2007,0.27594775223726653
SIFTON,2008,0.3253929253669724
SIFTON,2009,0.2452001885529667
SIFTON,2010,0.19052265443812494
SIFTON,2011,0.10851949994248077
SOURIS-GLENWOOD,1996,0.4414236893883713
SOURIS-GLENWOOD,1997,0.3581160092079904
SOURIS-GLENWOOD,1998,0.42616300511851923
SOURIS-GLENWOOD,1999,0.3544525633780366
SOURIS-GLENWOOD,2000,0.470649082715933
SOURIS-GLENWOOD,2001,0.5015277740290162
SOURIS-GLENWOOD,2002,0.33564311114799755
SOURIS-GLENWOOD,2003,0.3578403453681691
SOURIS-GLENWOOD,2004,0.48365371691347425
SOURIS-GLENWOOD,2005,0.40968342392091817
SOURIS-GLENWOOD,2006,0.5301354229065561
SOURIS-GLENWOOD,2007,0.4907634388094936
SOURIS-GLENWOOD,2008,0.6461687386177069
SOURIS-GLENWOOD,2009,0.6506535197962072
SOURIS-GLENWOOD,2010,0.4974444812197355
SOURIS-GLENWOOD,2011,0.23412051319187727
SPRINGFIELD,1996,0.3035521275111086
SPRINGFIELD,1997,0.2672955078500446
SPRINGFIELD,1998,0.26615328689457574
SPRINGFIELD,1999,0.38282957167328535
SPRINGFIELD,2000,0.19625869992374226
SPRINGFIELD,2001,0.14891990525383572
SPRINGFIELD,2002,0.49050992186528525
SPRINGFIELD,2003,0.6560569109670049
SPRINGFIELD,2004,0.41910636528820183
SPRINGFIELD,2005,0.05031238506765778
SPRINGFIELD,2006,0.5841433271082298
SPRINGFIELD,2007,0.40730472177820776
SPRINGFIELD,2008,0.6103585653457614
SPRINGFIELD,2009,0.42188708700219174
SPRINGFIELD,2010,0.24496389869586233
SPRINGFIELD,2011,0.4457593362863486
ST. ANDREWS,1996,0.4252886670643699
ST. ANDREWS,1997,0.38013514236250656
ST. ANDREWS,1998,0.42050062423264617
ST. ANDREWS,1999,0.5455923729918992
ST. ANDREWS,2000,0.3392036263550546
ST. ANDREWS,2001,0.2748207455699945
ST. ANDREWS,2002,0.4342201406735763
ST. ANDREWS,2003,0.6317216977244067
ST. ANDREWS,2004,0.5772656921587077
ST. ANDREWS,2005,0.14234615918935184
ST. ANDREWS,2006,0.4798282558632826
ST. ANDREWS,2007,0.509384394660316
ST. ANDREWS,2008,0.5513001090436536
ST. ANDREWS,2009,0.4268712231653522
ST. ANDREWS,2010,0.22924385853968382
ST. ANDREWS,2011,0.28883618700093494
ST. CLEMENTS,1996,0.3345512411022078
ST. CLEMENTS,1997,0.28977039959896767
ST. CLEMENTS,1998,0.3340915746761102
ST. CLEMENTS,1999,0.393656950428598
ST. CLEMENTS,2000,0.2472312348697554
ST. CLEMENTS,2001,0.23565117612108522
ST. CLEMENTS,2002,0.4616585051163387
ST. CLEMENTS,2003,0.6238126673620884
ST. CLEMENTS,2004,0.5887147203068499
ST. CLEMENTS,2005,0.2401961322951116
ST. CLEMENTS,2006,0.5839431343655845
ST. CLEMENTS,2007,0.531837941826259
ST. CLEMENTS,2008,0.5981643342778796
ST. CLEMENTS,2009,0.46857800758669993
ST. CLEMENTS,2010,0.38428154044803436
ST. CLEMENTS,2011,0.44376389900241453
ST. FRANCIS XAVIER,1996,0.5332964533170836
ST. FRANCIS XAVIER,1997,0.5256255551547961
ST. FRANCIS XAVIER,1998,0.46818580278822874
ST. FRANCIS XAVIER,1999,0.6736650350426856
ST. FRANCIS XAVIER,2000,0.5799918672552395
ST. FRANCIS XAVIER,2001,0.3913352991800008
ST. FRANCIS XAVIER,2002,0.5592284247863479
ST. FRANCIS XAVIER,2003,0.6313552128112274
ST. FRANCIS XAVIER,2004,0.6424075263274501
ST. FRANCIS XAVIER,2005,0.0875271270613232
ST. FRANCIS XAVIER,2006,0.47380258481887727
ST. FRANCIS XAVIER,2007,0.6369291645906157
ST. FRANCIS XAVIER,2008,0.6673859444717695
ST. FRANCIS XAVIER,2009,0.6136147707873761
ST. FRANCIS XAVIER,2010,0.3782846385224211
ST. FRANCIS XAVIER,2011,0.24070127359482635
ST. LAURENT,1996,0.0885815033200837
ST. LAURENT,1997,0.04196621361602841
ST. LAURENT,1998,0.4980781038332846
ST. LAURENT,1999,0.12046048243921437
ST. LAURENT,2000,0.06253718743159022
ST. LAURENT,2001,0.11203798574458312
ST. LAURENT,2002,0.17869924870761555
ST. LAURENT,2003,0.21405356911950568
ST. LAURENT,2004,0.30093752320221256
ST. LAURENT,2005,0.06658061597612533
ST. LAURENT,2006,0.20160859417069724
ST. LAURENT,2007,0.20337255702127824
ST. LAURENT,2009,0.031734686119461605
ST. LAURENT,2010,0.0
STANLEY,1996,0.4369594791431904
STANLEY,1997,0.43427367772455
STANLEY,1998,0.4968694338679723
STANLEY,1999,0.523573828217327
STANLEY,2000,0.5483416064228652
STANLEY,2001,0.5143772862883369
STANLEY,2002,0.5175888233399468
STANLEY,2003,0.6636118072862348
STANLEY,2004,0.4645104850711769
STANLEY,2005,0.3947530968341061
STANLEY,2006,0.6313901914837065
STANLEY,2007,0.6098314483260819
STANLEY,2008,0.7279662638605681
STANLEY,2009,0.6477124572842726
STANLEY,2010,0.6419890538241974
STANLEY,2011,0.5275838390288016
STE. ANNE,1996,0.25029212237179754
STE. ANNE,1997,0.22104190883390137
STE. ANNE,1998,0.22567957634469538
STE. ANNE,1999,0.41551986475702296
STE. ANNE,2000,0.2547394622163238
STE. ANNE,2001,0.2645626070587566
STE. ANNE,2002,0.30754554938536455
STE. ANNE,2003,0.4201836626229535
STE. ANNE,2004,0.258326146428491
STE. ANNE,2005,0.047047638165871986
STE. ANNE,2006,0.5453058593775331
STE. ANNE,2007,0.5542203667870277
STE. ANNE,2008,0.6734550832651052
STE. ANNE,2009,0.40830790947611584
STE. ANNE,2010,0.3074966004835952
STE. ANNE,2011,0.4511288990865247
STE. ROSE,1996,0.48977365221371605
STE. ROSE,1997,0.43316191714789937
STE. ROSE,1998,0.40713290310102224
STE. ROSE,1999,0.49487351169931293
STE. ROSE,2000,0.5268302236606701
STE. ROSE,2001,0.459691227357951
STE. ROSE,2002,0.4233943629694898
STE. ROSE,2003,0.5529544694146108
STE. ROSE,2004,0.5797981450337837
STE. ROSE,2005,0.5270982707877644
STE. ROSE,2006,0.4812187518027139
STE. ROSE,2007,0.3640145861359929
STE. ROSE,2008,0.5461044171082668
STE. ROSE,2009,0.574133752178322
STE. ROSE,2010,0.3606387096693994
STE. ROSE,2011,0.3235463685840259
STUARTBURN,1996,0.1694144314262227
STUARTBURN,1997,0.06168621988128287
STUARTBURN,2000,0.04693204031355816
STUARTBURN,2001,0.12840641741865363
STUARTBURN,2002,0.25219616666416456
STUARTBURN,2003,0.24939473790797156
STUARTBURN,2004,0.39083920672450134
STUARTBURN,2005,0.3332178075736489
STUARTBURN,2006,0.19580119178495756
STUARTBURN,2007,0.32138474654685495
STUARTBURN,2008,0.2739864821594025
STUARTBURN,2009,0.19337740730666575
STUARTBURN,2010,0.23956989540339516
STUARTBURN,2011,0.3196625311101749
SWAN VALLEY WEST,1996,0.47200844045777723
SWAN VALLEY WEST,1997,0.46639168716971907
SWAN VALLEY WEST,1998,0.43117811778632475
SWAN VALLEY WEST,1999,0.5747679766911439
SWAN VALLEY WEST,2000,0.5765189661529153
SWAN VALLEY WEST,2001,0.518352248192937
SWAN VALLEY WEST,2002,0.44006307252553845
SWAN VALLEY WEST,2003,0.6115665910847928
SWAN VALLEY WEST,2004,0.5803485919030875
SWAN VALLEY WEST,2005,0.7003480097100209
SWAN VALLEY WEST,2006,0.6172792516904315
SWAN VALLEY WEST,2007,0.5802521175648656
SWAN VALLEY WEST,2008,0.7386232613041801
SWAN VALLEY WEST,2009,0.7050329178523645
SWAN VALLEY WEST,2010,0.5742421235288546
SWAN VALLEY WEST,2011,0.6767856029247685
TACHE,1996,0.30519440587564023
TACHE,1997,0.3040352491905366
TACHE,1998,0.30991061283240934
TACHE,1999,0.4368870986813414
TACHE,2000,0.23610868065710522
TACHE,2001,0.13373658620957593
TACHE,2002,0.5064220850908124
TACHE,2003,0.6165534810707636
TACHE,2004,0.39768574972157245
TACHE,2005,0.173313997071647
TACHE,2006,0.553864467454833
TACHE,2007,0.5130046269017491
TACHE,2008,0.6691575833433702
TACHE,2009,0.4171278737233424
TACHE,2010,0.3230551105670568
TACHE,2011,0.4327005871242971
THOMPSON,1996,0.4690333707282155
THOMPSON,1997,0.46569093048527865
THOMPSON,1998,0.5301491020492662
THOMPSON,1999,0.49296061854403866
THOMPSON,2000,0.5353286170120598
THOMPSON,2001,0.48148726295114963
THOMPSON,2002,0.4727437865745674
THOMPSON,2003,0.6659681530610573
THOMPSON,2004,0.5334643815789741
THOMPSON,2005,0.3331055614245541
THOMPSON,2006,0.5916931297544696
THOMPSON,2007,0.5320070943408433
THOMPSON,2008,0.7055342758119635
THOMPSON,2009,0.6941729129149002
THOMPSON,2010,0.6422439225227499
THOMPSON,2011,0.45640961025574084
TWO BORDERS,1996,0.34228833846046947
TWO BORDERS,1997,0.2595267269431567
TWO BORDERS,1998,0.3122560306356609
TWO BORDERS,1999,0.2730820110092818
TWO BORDERS,2000,0.4413168437771451
TWO BORDERS,2001,0.36406868063131015
TWO BORDERS,2002,0.26380773184399314
TWO BORDERS,2003,0.3570609718022044
TWO BORDERS,2004,0.4545672996705806
TWO BORDERS,2005,0.3077016444245636
TWO BORDERS,2006,0.38163995305645215
TWO BORDERS,2007,0.4261809129385839
TWO BORDERS,2008,0.42611964369173183
TWO BORDERS,2009,0.540266113446995
TWO BORDERS,2010,0.3912208622887158
TWO BORDERS,2011,0.22080085472107555
UNORG TERRITORY,1996,0.0159559022743467
UNORG TERRITORY,1997,0.3047025779429328
UNORG TERRITORY,1998,0.224724480570618
UNORG TERRITORY,1999,0.10481861339846349
UNORG TERRITORY,2000,0.1529580103811885
UNORG TERRITORY,2001,0.24310617940934523
UNORG TERRITORY,2002,0.43575203341621993
UNORG TERRITORY,2003,0.26745906507333045
UNORG TERRITORY,2004,0.27061317229433035
UNORG TERRITORY,2005,0.38585137571959655
UNORG TERRITORY,2006,0.47867620800291366
UNORG TERRITORY,2007,0.2718986483883904
UNORG TERRITORY,2008,0.09521566524681938
UNORG TERRITORY,2009,0.20099598664499974
UNORG TERRITORY,2010,0.07868206270683738
UNORG TERRITORY,2011,0.1039273757898346
VICTORIA,1996,0.4290486340166918
VICTORIA,1997,0.3673470315679482
VICTORIA,1998,0.4639865550730737
VICTORIA,1999,0.5574729599356073
VICTORIA,2000,0.5492582939453206
VICTORIA,2001,0.5008424609740328
VICTORIA,2002,0.5516887965392593
VICTORIA,2003,0.5333586226182554
VICTORIA,2004,0.6593824014286505
VICTORIA,2005,0.5265258945439012
VICTORIA,2006,0.5334640934482922
VICTORIA,2007,0.5559751364571763
VICTORIA,2008,0.6957211444564488
VICTORIA,2009,0.7621260421112729
VICTORIA,2010,0.6864559155023661
VICTORIA,2011,0.5833069423319946
WALLACE-WOODWORTH,1996,0.42565462378481217
WALLACE-WOODWORTH,1997,0.30870591876379644
WALLACE-WOODWORTH,1998,0.38869539372495837
WALLACE-WOODWORTH,1999,0.37275997478698253
WALLACE-WOODWORTH,2000,0.45631406081068754
WALLACE-WOODWORTH,2001,0.384968839439915
WALLACE-WOODWORTH,2002,0.37174665544148977
WALLACE-WOODWORTH,2003,0.39126145782809996
WALLACE-WOODWORTH,2004,0.5024592869860918
WALLACE-WOODWORTH,2005,0.3495189722925045
WALLACE-WOODWORTH,2006,0.458344629626064
WALLACE-WOODWORTH,2007,0.4069337694758135
WALLACE-WOODWORTH,2008,0.5533445767957008
WALLACE-WOODWORTH,2009,0.5663621020590318
WALLACE-WOODWORTH,2010,0.4820040543221705
WALLACE-WOODWORTH,2011,0.33027837127199494
WEST INTERLAKE,1996,0.3971662348835414
WEST INTERLAKE,1997,0.36155120576772615
WEST INTERLAKE,1998,0.43039293057460803
WEST INTERLAKE,1999,0.45910403697818125
WEST INTERLAKE,2000,0.36481228354960094
WEST INTERLAKE,2001,0.4396276593725015
WEST INTERLAKE,2002,0.3132895263502582
WEST INTERLAKE,2003,0.15632687784622348
WEST INTERLAKE,2004,0.45806992639157723
WEST INTERLAKE,2005,0.41717322746641267
WEST INTERLAKE,2006,0.3378640825256858
WEST INTERLAKE,2007,0.39589273999786334
WEST INTERLAKE,2008,0.26213690959795743
WEST INTERLAKE,2009,0.3200229213135922
WEST INTERLAKE,2010,0.27874244607397164
WEST INTERLAKE,2011,0.2639620760812602
WEST ST. PAUL,1996,0.17788459644950713
WEST ST. PAUL,1997,0.1362849385391515
WEST ST. PAUL,1998,0.17283773527233787
WEST ST. PAUL,1999,0.18437486571799028
WEST ST. PAUL,2000,0.07864440784660481
WEST ST. PAUL,2001,0.0624505491630719
WEST ST. PAUL,2002,0.10182254850842166
WEST ST. PAUL,2003,0.16284102674269915
WEST ST. PAUL,2004,0.16561846185361617
WEST ST. PAUL,2005,0.038478852339140425
WEST ST. PAUL,2006,0.05704908562209522
WEST ST. PAUL,2007,0.13543745163956883
WEST ST. PAUL,2008,0.22411364784249
WEST ST. PAUL,2009,0.07185503789527739
WEST ST. PAUL,2010,0.15219803338612
WEST ST. PAUL,2011,0.12266163034648364
WESTLAKE-GLADSTONE,1996,0.456035593822679
WESTLAKE-GLADSTONE,1997,0.4136320434689522
WESTLAKE-GLADSTONE,1998,0.47763108250370173
WESTLAKE-GLADSTONE,1999,0.4610084253116776
WESTLAKE-GLADSTONE,2000,0.4940467227948655
WESTLAKE-GLADSTONE,2001,0.39647981788599046
WESTLAKE-GLADSTONE,2002,0.46869892521979994
WESTLAKE-GLADSTONE,2003,0.5993361801376551
WESTLAKE-GLADSTONE,2004,0.6102033458760087
WESTLAKE-GLADSTONE,2005,0.32405999228972854
WESTLAKE-GLADSTONE,2006,0.5827498778644431
WESTLAKE-GLADSTONE,2007,0.5047607916827405
WESTLAKE-GLADSTONE,2008,0.5830632193537186
WESTLAKE-GLADSTONE,2009,0.6776334642159201
WESTLAKE-GLADSTONE,2010,0.4383712781698222
WESTLAKE-GLADSTONE,2011,0.3541653461096105
WHITEHEAD,1996,0.38833751248782067
WHITEHEAD,1997,0.31319380390608487
WHITEHEAD,1998,0.32449285657475463
WHITEHEAD,1999,0.31134526016911285
WHITEHEAD,2000,0.4181711851514827
WHITEHEAD,2001,0.38301415221021945
WHITEHEAD,2002,0.3753588483906027
WHITEHEAD,2003,0.3197813844848269
WHITEHEAD,2004,0.520581549639019
WHITEHEAD,2005,0.3426994785722009
WHITEHEAD,2006,0.475786110185351
WHITEHEAD,2007,0.40478976429005015
WHITEHEAD,2008,0.5137960363831989
WHITEHEAD,2009,0.5871818934257735
WHITEHEAD,2010,0.4218577242018201
WHITEHEAD,2011,0.31272166933550155
WHITEMOUTH,1996,0.23981476486822234
WHITEMOUTH,1997,0.22848312115748998
WHITEMOUTH,1998,0.2088984974754031
WHITEMOUTH,1999,0.23114440917545737
WHITEMOUTH,2000,0.18703735630145052
WHITEMOUTH,2001,0.06301139734031462
WHITEMOUTH,2002,0.3208212213217483
WHITEMOUTH,2003,0.45607421361457623
WHITEMOUTH,2004,0.36340584631214723
WHITEMOUTH,2005,0.08905825236067856
WHITEMOUTH,2006,0.6710203314852972
WHITEMOUTH,2007,0.2815269070716432
WHITEMOUTH,2008,0.4914122122591192
WHITEMOUTH,2009,0.30523111223828325
WHITEMOUTH,2010,0.21126428451895046
WHITEMOUTH,2011,0.45796154524605187
WINNIPEG,1996,0.34100026133603595
WINNIPEG,1997,0.3230198338372118
WINNIPEG,1998,0.34916256401073187
WINNIPEG,1999,0.43383352845533585
WINNIPEG,2000,0.18201683820086928
WINNIPEG,2001,0.0790925950078571
WINNIPEG,2002,0.1924694349362413
WINNIPEG,2003,0.6152350680724014
WINNIPEG,2004,0.28592077670191085
WINNIPEG,2005,0.023832881020916456
WINNIPEG,2006,0.48928226406860187
WINNIPEG,2007,0.45174726447177793
WINNIPEG,2008,0.5019823247458856
WINNIPEG,2009,0.327271462854224
WINNIPEG,2010,0.31724843127678437
WINNIPEG,2011,0.3508366118165428
WOODLANDS,1996,0.4251369602962428
WOODLANDS,1997,0.3808253771568717
WOODLANDS,1998,0.39860907865807327
WOODLANDS,1999,0.5140989452004049
WOODLANDS,2000,0.40875845119682597
WOODLANDS,2001,0.3618040235378984
WOODLANDS,2002,0.5175058111759155
WOODLANDS,2003,0.5635635119117431
WOODLANDS,2004,0.6374232706216831
WOODLANDS,2005,0.21273560791071577
WOODLANDS,2006,0.47610874509938533
WOODLANDS,2007,0.5743504165906917
WOODLANDS,2008,0.6018239946065197
WOODLANDS,2009,0.6369175675213286
WOODLANDS,2010,0.3757939459217757
WOODLANDS,2011,0.3065861451752625
YELLOWHEAD,1996,0.4766058222867712
YELLOWHEAD,1997,0.3559003619239633
YELLOWHEAD,1998,0.4871464041801723
YELLOWHEAD,1999,0.5054091978525431
YELLOWHEAD,2000,0.4829537005436199
YELLOWHEAD,2001,0.4446800454195939
YELLOWHEAD,2002,0.5143669828712688
YELLOWHEAD,2003,0.5371991653190354
YELLOWHEAD,2004,0.39416308063443556
YELLOWHEAD,2005,0.48820951771501325
YELLOWHEAD,2006,0.5851156927722225
YELLOWHEAD,2007,0.4862484343368417
YELLOWHEAD,2008,0.6501153236755959
YELLOWHEAD,2009,0.6602053948950337
YELLOWHEAD,2010,0.601994567343741
YELLOWHEAD,2011,0.488861201063963
